"island_id","level_id","mandatory_order_merge_mass","estimated_raw_shots","candidate_move_limit","activated_move_limit","status"
"sunny_cove","1","16","7","16",,"NOT_ACTIVATED_OWNER_REVIEW"
"sunny_cove","2","16","7","16",,"NOT_ACTIVATED_OWNER_REVIEW"
"sunny_cove","3","32","14","25",,"NOT_ACTIVATED_OWNER_REVIEW"
"sunny_cove","4","32","14","25",,"NOT_ACTIVATED_OWNER_REVIEW"
"sunny_cove","5","32","14","25",,"NOT_ACTIVATED_OWNER_REVIEW"
"sunny_cove","6","48","21","35","35","ACTIVE_FOR_AUDIT"
"sunny_cove","7","48","21","35",,"NOT_ACTIVATED_OWNER_REVIEW"
"sunny_cove","8","48","21","35",,"NOT_ACTIVATED_OWNER_REVIEW"
"sunny_cove","9","64","28","44",,"NOT_ACTIVATED_OWNER_REVIEW"
"sunny_cove","10","64","28","44",,"NOT_ACTIVATED_OWNER_REVIEW"
"sunny_cove","11","48","21","35",,"NOT_ACTIVATED_OWNER_REVIEW"
"sunny_cove","12","64","28","44",,"NOT_ACTIVATED_OWNER_REVIEW"
"sunny_cove","13","64","28","44",,"NOT_ACTIVATED_OWNER_REVIEW"
"sunny_cove","14","64","28","44",,"NOT_ACTIVATED_OWNER_REVIEW"
"sunny_cove","15","80","35","54",,"NOT_ACTIVATED_OWNER_REVIEW"
"sunny_cove","16","64","28","44",,"NOT_ACTIVATED_OWNER_REVIEW"
"sunny_cove","17","80","35","54",,"NOT_ACTIVATED_OWNER_REVIEW"
"sunny_cove","18","80","35","54",,"NOT_ACTIVATED_OWNER_REVIEW"
"sunny_cove","19","80","35","54",,"NOT_ACTIVATED_OWNER_REVIEW"
"sunny_cove","20","96","42","63",,"NOT_ACTIVATED_OWNER_REVIEW"
"sunny_cove","21","64","28","44",,"NOT_ACTIVATED_OWNER_REVIEW"
"sunny_cove","22","80","35","54",,"NOT_ACTIVATED_OWNER_REVIEW"
"sunny_cove","23","80","35","54",,"NOT_ACTIVATED_OWNER_REVIEW"
"sunny_cove","24","96","42","63",,"NOT_ACTIVATED_OWNER_REVIEW"
"sunny_cove","25","80","35","54",,"NOT_ACTIVATED_OWNER_REVIEW"
"sunny_cove","26","96","42","63",,"NOT_ACTIVATED_OWNER_REVIEW"
"sunny_cove","27","96","42","63",,"NOT_ACTIVATED_OWNER_REVIEW"
"sunny_cove","28","96","42","63",,"NOT_ACTIVATED_OWNER_REVIEW"
"sunny_cove","29","112","48","71",,"NOT_ACTIVATED_OWNER_REVIEW"
"sunny_cove","30","112","48","71",,"NOT_ACTIVATED_OWNER_REVIEW"
"sunny_cove","31","80","35","54",,"NOT_ACTIVATED_OWNER_REVIEW"
"sunny_cove","32","96","42","63",,"NOT_ACTIVATED_OWNER_REVIEW"
"sunny_cove","33","96","42","63",,"NOT_ACTIVATED_OWNER_REVIEW"
"sunny_cove","34","112","48","71",,"NOT_ACTIVATED_OWNER_REVIEW"
"sunny_cove","35","96","42","63",,"NOT_ACTIVATED_OWNER_REVIEW"
"sunny_cove","36","112","48","71",,"NOT_ACTIVATED_OWNER_REVIEW"
"sunny_cove","37","112","48","71",,"NOT_ACTIVATED_OWNER_REVIEW"
"sunny_cove","38","128","55","81",,"NOT_ACTIVATED_OWNER_REVIEW"
"sunny_cove","39","112","48","71",,"NOT_ACTIVATED_OWNER_REVIEW"
"sunny_cove","40","128","55","81",,"NOT_ACTIVATED_OWNER_REVIEW"
"sunny_cove","41","96","42","63",,"NOT_ACTIVATED_OWNER_REVIEW"
"sunny_cove","42","112","48","71",,"NOT_ACTIVATED_OWNER_REVIEW"
"sunny_cove","43","128","55","81",,"NOT_ACTIVATED_OWNER_REVIEW"
"sunny_cove","44","112","48","71",,"NOT_ACTIVATED_OWNER_REVIEW"
"sunny_cove","45","128","55","81",,"NOT_ACTIVATED_OWNER_REVIEW"
"sunny_cove","46","128","55","81",,"NOT_ACTIVATED_OWNER_REVIEW"
"sunny_cove","47","144","62","90",,"NOT_ACTIVATED_OWNER_REVIEW"
"sunny_cove","48","128","55","81",,"NOT_ACTIVATED_OWNER_REVIEW"
"sunny_cove","49","144","62","90",,"NOT_ACTIVATED_OWNER_REVIEW"
"sunny_cove","50","144","62","90",,"NOT_ACTIVATED_OWNER_REVIEW"
"sunny_cove","51","112","48","71",,"NOT_ACTIVATED_OWNER_REVIEW"
"sunny_cove","52","128","55","81",,"NOT_ACTIVATED_OWNER_REVIEW"
"sunny_cove","53","144","62","90",,"NOT_ACTIVATED_OWNER_REVIEW"
"sunny_cove","54","128","55","81",,"NOT_ACTIVATED_OWNER_REVIEW"
"sunny_cove","55","144","62","90",,"NOT_ACTIVATED_OWNER_REVIEW"
"sunny_cove","56","160","69","100",,"NOT_ACTIVATED_OWNER_REVIEW"
"sunny_cove","57","144","62","90",,"NOT_ACTIVATED_OWNER_REVIEW"
"sunny_cove","58","160","69","100",,"NOT_ACTIVATED_OWNER_REVIEW"
"sunny_cove","59","160","69","100",,"NOT_ACTIVATED_OWNER_REVIEW"
"sunny_cove","60","176","76","109",,"NOT_ACTIVATED_OWNER_REVIEW"
"sunny_cove","61","128","55","81",,"NOT_ACTIVATED_OWNER_REVIEW"
"sunny_cove","62","144","62","90",,"NOT_ACTIVATED_OWNER_REVIEW"
"sunny_cove","63","160","69","100",,"NOT_ACTIVATED_OWNER_REVIEW"
"sunny_cove","64","144","62","90",,"NOT_ACTIVATED_OWNER_REVIEW"
"sunny_cove","65","160","69","100",,"NOT_ACTIVATED_OWNER_REVIEW"
"sunny_cove","66","176","76","109",,"NOT_ACTIVATED_OWNER_REVIEW"
"sunny_cove","67","160","69","100",,"NOT_ACTIVATED_OWNER_REVIEW"
"sunny_cove","68","176","76","109",,"NOT_ACTIVATED_OWNER_REVIEW"
"sunny_cove","69","192","83","119",,"NOT_ACTIVATED_OWNER_REVIEW"
"sunny_cove","70","176","76","109",,"NOT_ACTIVATED_OWNER_REVIEW"
"sunny_cove","71","144","62","90",,"NOT_ACTIVATED_OWNER_REVIEW"
"sunny_cove","72","160","69","100",,"NOT_ACTIVATED_OWNER_REVIEW"
"sunny_cove","73","176","76","109",,"NOT_ACTIVATED_OWNER_REVIEW"
"sunny_cove","74","160","69","100",,"NOT_ACTIVATED_OWNER_REVIEW"
"sunny_cove","75","176","76","109",,"NOT_ACTIVATED_OWNER_REVIEW"
"sunny_cove","76","192","83","119",,"NOT_ACTIVATED_OWNER_REVIEW"
"sunny_cove","77","176","76","109",,"NOT_ACTIVATED_OWNER_REVIEW"
"sunny_cove","78","192","83","119",,"NOT_ACTIVATED_OWNER_REVIEW"
"sunny_cove","79","208","90","128",,"NOT_ACTIVATED_OWNER_REVIEW"
"sunny_cove","80","192","83","119",,"NOT_ACTIVATED_OWNER_REVIEW"
"sunny_cove","81","160","69","100",,"NOT_ACTIVATED_OWNER_REVIEW"
"sunny_cove","82","176","76","109",,"NOT_ACTIVATED_OWNER_REVIEW"
"sunny_cove","83","192","83","119",,"NOT_ACTIVATED_OWNER_REVIEW"
"sunny_cove","84","176","76","109",,"NOT_ACTIVATED_OWNER_REVIEW"
"sunny_cove","85","192","83","119",,"NOT_ACTIVATED_OWNER_REVIEW"
"sunny_cove","86","208","90","128",,"NOT_ACTIVATED_OWNER_REVIEW"
"sunny_cove","87","192","83","119",,"NOT_ACTIVATED_OWNER_REVIEW"
"sunny_cove","88","208","90","128",,"NOT_ACTIVATED_OWNER_REVIEW"
"sunny_cove","89","224","96","136",,"NOT_ACTIVATED_OWNER_REVIEW"
"sunny_cove","90","208","90","128",,"NOT_ACTIVATED_OWNER_REVIEW"
"sunny_cove","91","176","76","109",,"NOT_ACTIVATED_OWNER_REVIEW"
"sunny_cove","92","192","83","119",,"NOT_ACTIVATED_OWNER_REVIEW"
"sunny_cove","93","208","90","128",,"NOT_ACTIVATED_OWNER_REVIEW"
"sunny_cove","94","192","83","119",,"NOT_ACTIVATED_OWNER_REVIEW"
"sunny_cove","95","208","90","128",,"NOT_ACTIVATED_OWNER_REVIEW"
"sunny_cove","96","224","96","136",,"NOT_ACTIVATED_OWNER_REVIEW"
"sunny_cove","97","208","90","128",,"NOT_ACTIVATED_OWNER_REVIEW"
"sunny_cove","98","224","96","136",,"NOT_ACTIVATED_OWNER_REVIEW"
"sunny_cove","99","224","96","136",,"NOT_ACTIVATED_OWNER_REVIEW"
"sunny_cove","100","240","103","146",,"NOT_ACTIVATED_OWNER_REVIEW"
