class_id,representative_level_id,member_level_ids,order_contract,vip_enabled,vip_contract,historical_M17_trials_timed,trusted_realtime_trials,trusted_realtime_outcomes,fixed60_exploratory_trials_excluded,disposition
C01,1,1;2,L5x1,False,,5,3,WEAK_V02/31001:danger/17;WEAK_V02/31002:danger/19;MERGE_AWARE_V01/31001:completed/13,4,LIMITED_REALTIME_SAMPLE
C02,3,3;5,L5x2,False,,1,0,,4,EXPLORATORY_ONLY_FIXED60
C03,4,4,L6x1,True,L5x1,5,0,,4,EXPLORATORY_ONLY_FIXED60
C04,6,6;11,L6x1;L5x1,False,,5,0,,4,EXPLORATORY_ONLY_FIXED60
C05,7,7,L5x3,False,,1,0,,4,EXPLORATORY_ONLY_FIXED60
C06,8,8,L6x1;L5x1,True,L5x1,5,0,,4,EXPLORATORY_ONLY_FIXED60
C07,9,9;21,L6x2,False,,5,0,,4,EXPLORATORY_ONLY_FIXED60
C08,10,10;13,L7x1,False,,5,0,,4,EXPLORATORY_ONLY_FIXED60
C09,12,12;16,L6x2,True,L5x1,5,0,,4,EXPLORATORY_ONLY_FIXED60
C10,14,14,L6x1;L5x2,False,,1,0,,4,EXPLORATORY_ONLY_FIXED60
C11,15,15;17;19;22;25;31,L7x1;L5x1,False,,5,0,,4,EXPLORATORY_ONLY_FIXED60
C12,18,18;23,L6x2;L5x1,False,,5,0,,4,EXPLORATORY_ONLY_FIXED60
C13,20,20;28,L7x1;L6x1,True,L5x2,5,0,,2,EXPLORATORY_ONLY_FIXED60
C14,24,24;32,L7x1;L6x1,True,L6x1,5,0,,2,EXPLORATORY_ONLY_FIXED60
C15,26,26;33,L6x3,False,,5,0,,2,EXPLORATORY_ONLY_FIXED60
C16,27,27;35,L7x1;L5x2,False,,5,0,,2,EXPLORATORY_ONLY_FIXED60
C17,29,29;34;37;39;42;51,L7x1;L6x1;L5x1,False,,5,0,,2,EXPLORATORY_ONLY_FIXED60
C18,30,30,L7x1;L5x3,False,,5,0,,2,EXPLORATORY_ONLY_FIXED60
C19,36,36,L7x1;L5x3,True,L5x2,5,0,,2,EXPLORATORY_ONLY_FIXED60
C20,38,38;45;54,L7x2,False,,5,1,MERGE_AWARE_V01/31001:completed/78,2,LIMITED_REALTIME_SAMPLE
C21,40,40;52,L8x1,True,L6x1,5,0,,2,EXPLORATORY_ONLY_FIXED60
C22,41,41,L7x1;L6x1,False,,5,0,,2,EXPLORATORY_ONLY_FIXED60
C23,43,43;61,L8x1,False,,5,0,,2,EXPLORATORY_ONLY_FIXED60
C24,44,44,L7x1;L5x3,True,L6x1,5,0,,1,EXPLORATORY_ONLY_FIXED60
C25,46,46,L7x1;L6x2,False,,5,0,,0,NO_FRESH_REALTIME_TRIAL
C26,47,47;50;53;55;62;71,L8x1;L5x1,False,,5,0,,0,NO_FRESH_REALTIME_TRIAL
C27,48,48,L7x2,True,L5x2,5,0,,0,NO_FRESH_REALTIME_TRIAL
C28,49,49;57,L7x2;L5x1,False,,5,0,,0,NO_FRESH_REALTIME_TRIAL
C29,56,56;72,L8x1;L6x1,True,L6x2,5,0,,0,NO_FRESH_REALTIME_TRIAL
C30,58,58;63;65;81,L8x1;L6x1,False,,5,0,,0,NO_FRESH_REALTIME_TRIAL
C31,59,59;67;74,L7x2;L6x1,False,,5,0,,0,NO_FRESH_REALTIME_TRIAL
C32,60,60,L8x1;L6x1;L5x1,True,L7x1,5,0,,0,NO_FRESH_REALTIME_TRIAL
C33,64,64,L7x2;L5x1,True,L5x2,5,0,,0,NO_FRESH_REALTIME_TRIAL
C34,66,66;70;73;75;82;91,L8x1;L6x1;L5x1,False,,5,0,,0,NO_FRESH_REALTIME_TRIAL
C35,68,68;84,L8x1;L5x3,True,L7x1,5,0,,0,NO_FRESH_REALTIME_TRIAL
C36,69,69;78;83;85,L8x1;L7x1,False,,5,0,,0,NO_FRESH_REALTIME_TRIAL
C37,76,76;92,L8x1;L7x1,True,L7x1,5,0,,0,NO_FRESH_REALTIME_TRIAL
C38,77,77,L8x1;L5x3,False,,5,0,,0,NO_FRESH_REALTIME_TRIAL
C39,79,79;86;90;93;95;97,L8x1;L7x1;L5x1,False,,5,0,,0,NO_FRESH_REALTIME_TRIAL
C40,80,80,L8x1;L6x2,True,L6x2,5,0,,0,NO_FRESH_REALTIME_TRIAL
C41,87,87;94,L8x1;L6x2,False,,5,0,,0,NO_FRESH_REALTIME_TRIAL
C42,88,88,L8x1;L7x1;L5x1,True,L6x2,5,0,,0,NO_FRESH_REALTIME_TRIAL
C43,89,89;98;99,L8x1;L7x1;L6x1,False,,5,0,,0,NO_FRESH_REALTIME_TRIAL
C44,96,96,L8x1;L7x1;L6x1,True,L6x2,5,0,,0,NO_FRESH_REALTIME_TRIAL
C45,100,100,L8x1;L7x1;L6x1;L5x1,True,L7x1,5,0,,0,NO_FRESH_REALTIME_TRIAL
