island_id,level_id,policy,seed,outcome,terminal_reason,moves,merges,peak_live_drinks,mean_live_drinks,peak_board_occupancy,normal_objective_complete
sunny_cove,1,WEAK_V02,101,harness_abort,ACTION_BUDGET,1,0,1,1.0000,0.006362,false
sunny_cove,1,WEAK_V02,202,harness_abort,ACTION_BUDGET,1,0,1,1.0000,0.006362,false
sunny_cove,1,MERGE_AWARE_V01,101,harness_abort,ACTION_BUDGET,1,0,1,1.0000,0.006362,false
sunny_cove,1,MERGE_AWARE_V01,202,harness_abort,ACTION_BUDGET,1,0,1,1.0000,0.006362,false
sunny_cove,6,WEAK_V02,101,harness_abort,ACTION_BUDGET,1,0,1,1.0000,0.006362,false
sunny_cove,6,WEAK_V02,202,harness_abort,ACTION_BUDGET,1,0,1,1.0000,0.006362,false
sunny_cove,6,MERGE_AWARE_V01,101,harness_abort,ACTION_BUDGET,1,0,1,1.0000,0.006362,false
sunny_cove,6,MERGE_AWARE_V01,202,harness_abort,ACTION_BUDGET,1,0,1,1.0000,0.006362,false
sunny_cove,20,WEAK_V02,101,harness_abort,ACTION_BUDGET,1,0,1,1.0000,0.006362,false
sunny_cove,20,WEAK_V02,202,harness_abort,ACTION_BUDGET,1,0,1,1.0000,0.006362,false
sunny_cove,20,MERGE_AWARE_V01,101,harness_abort,ACTION_BUDGET,1,0,1,1.0000,0.006362,false
sunny_cove,20,MERGE_AWARE_V01,202,harness_abort,ACTION_BUDGET,1,0,1,1.0000,0.006362,false
sunny_cove,60,WEAK_V02,101,harness_abort,ACTION_BUDGET,1,0,1,1.0000,0.006362,false
sunny_cove,60,WEAK_V02,202,harness_abort,ACTION_BUDGET,1,0,1,1.0000,0.006362,false
sunny_cove,60,MERGE_AWARE_V01,101,harness_abort,ACTION_BUDGET,1,0,1,1.0000,0.006362,false
sunny_cove,60,MERGE_AWARE_V01,202,harness_abort,ACTION_BUDGET,1,0,1,1.0000,0.006362,false
sunny_cove,100,WEAK_V02,101,harness_abort,ACTION_BUDGET,1,0,1,1.0000,0.006362,false
sunny_cove,100,WEAK_V02,202,harness_abort,ACTION_BUDGET,1,0,1,1.0000,0.006362,false
sunny_cove,100,MERGE_AWARE_V01,101,harness_abort,ACTION_BUDGET,1,0,1,1.0000,0.006362,false
sunny_cove,100,MERGE_AWARE_V01,202,harness_abort,ACTION_BUDGET,1,0,1,1.0000,0.006362,false
