class_id,policy,representative_level_id,vip_enabled,trial_count,valid_count,win_count,win_rate,wilson95_low,wilson95_high,completed_moves,completed_moves_median,seeds,outcomes,median_wall_sec
C01,MERGE_AWARE_V01,1,False,2,2,2,1.0,0.34238022750665303,1.0,13;15,14.0,31001;31002,31001:completed/13;31002:completed/15,2.163
C01,WEAK_V02,1,False,2,2,0,0.0,0.0,0.6576197724933469,,,31001;31002,31001:danger/17;31002:danger/19,3.1975
C02,MERGE_AWARE_V01,3,False,2,2,2,1.0,0.34238022750665303,1.0,21;23,22.0,31001;31002,31001:completed/21;31002:completed/23,3.624
C02,WEAK_V02,3,False,2,2,0,0.0,0.0,0.6576197724933469,,,31001;31002,31001:danger/17;31002:danger/19,4.969
C03,MERGE_AWARE_V01,4,True,2,2,2,1.0,0.34238022750665303,1.0,34;35,34.5,31001;31002,31001:completed/34;31002:completed/35,6.715
C03,WEAK_V02,4,True,2,2,0,0.0,0.0,0.6576197724933469,,,31001;31002,31001:danger/17;31002:danger/19,5.7725
C04,MERGE_AWARE_V01,6,False,2,2,2,1.0,0.34238022750665303,1.0,37;39,38.0,31001;31002,31001:completed/37;31002:completed/39,8.3305
C04,WEAK_V02,6,False,2,2,0,0.0,0.0,0.6576197724933469,,,31001;31002,31001:danger/17;31002:danger/19,4.477
C05,MERGE_AWARE_V01,7,False,2,2,2,1.0,0.34238022750665303,1.0,28;30,29.0,31001;31002,31001:completed/28;31002:completed/30,5.413
C05,WEAK_V02,7,False,2,2,0,0.0,0.0,0.6576197724933469,,,31001;31002,31001:danger/17;31002:danger/19,3.286
C06,MERGE_AWARE_V01,8,True,2,2,2,1.0,0.34238022750665303,1.0,37;40,38.5,31001;31002,31001:completed/37;31002:completed/40,8.7205
C06,WEAK_V02,8,True,2,2,0,0.0,0.0,0.6576197724933469,,,31001;31002,31001:danger/17;31002:danger/19,5.8725
C07,MERGE_AWARE_V01,9,False,2,2,2,1.0,0.34238022750665303,1.0,44;50,47.0,31001;31002,31001:completed/50;31002:completed/44,12.5395
C07,WEAK_V02,9,False,2,2,0,0.0,0.0,0.6576197724933469,,,31001;31002,31001:danger/17;31002:danger/19,5.7375
C08,MERGE_AWARE_V01,10,False,2,2,2,1.0,0.34238022750665303,1.0,57;62,59.5,31001;31002,31001:completed/57;31002:completed/62,18.545
C08,WEAK_V02,10,False,2,2,0,0.0,0.0,0.6576197724933469,,,31001;31002,31001:danger/17;31002:danger/19,5.729
C09,MERGE_AWARE_V01,12,True,2,2,2,1.0,0.34238022750665303,1.0,48;49,48.5,31001;31002,31001:completed/49;31002:completed/48,11.6985
C09,WEAK_V02,12,True,2,2,0,0.0,0.0,0.6576197724933469,,,31001;31002,31001:danger/17;31002:danger/19,3.1155
C10,MERGE_AWARE_V01,14,False,2,2,2,1.0,0.34238022750665303,1.0,37;40,38.5,31001;31002,31001:completed/40;31002:completed/37,7.332
C10,WEAK_V02,14,False,2,2,0,0.0,0.0,0.6576197724933469,,,31001;31002,31001:danger/17;31002:danger/19,5.5585
C11,MERGE_AWARE_V01,15,False,2,2,2,1.0,0.34238022750665303,1.0,49;68,58.5,31001;31002,31001:completed/68;31002:completed/49,15.88
C11,WEAK_V02,15,False,2,2,0,0.0,0.0,0.6576197724933469,,,31001;31002,31001:danger/17;31002:danger/19,5.2945
C12,MERGE_AWARE_V01,18,False,2,2,2,1.0,0.34238022750665303,1.0,40;48,44.0,31001;31002,31001:completed/40;31002:completed/48,7.64
C12,WEAK_V02,18,False,2,2,0,0.0,0.0,0.6576197724933469,,,31001;31002,31001:danger/17;31002:danger/19,5.8675
C13,MERGE_AWARE_V01,20,True,1,1,1,1.0,0.20654931437723745,1.0,78,78,31001,31001:completed/78,7.765
C13,WEAK_V02,20,True,1,1,0,0.0,0.0,0.7934506856227626,,,31001,31001:danger/17,1.416
C14,MERGE_AWARE_V01,24,True,1,1,1,1.0,0.20654931437723745,1.0,75,75,31001,31001:completed/75,5.105
C14,WEAK_V02,24,True,1,1,0,0.0,0.0,0.7934506856227626,,,31001,31001:danger/17,1.297
C15,MERGE_AWARE_V01,26,False,1,1,1,1.0,0.20654931437723745,1.0,55,55,31001,31001:completed/55,3.273
C15,WEAK_V02,26,False,1,1,0,0.0,0.0,0.7934506856227626,,,31001,31001:danger/17,1.315
C16,MERGE_AWARE_V01,27,False,1,1,1,1.0,0.20654931437723745,1.0,82,82,31001,31001:completed/82,5.76
C16,WEAK_V02,27,False,1,1,0,0.0,0.0,0.7934506856227626,,,31001,31001:danger/17,1.339
C17,MERGE_AWARE_V01,29,False,1,1,1,1.0,0.20654931437723745,1.0,63,63,31001,31001:completed/63,3.349
C17,WEAK_V02,29,False,1,1,0,0.0,0.0,0.7934506856227626,,,31001,31001:danger/17,1.311
C18,MERGE_AWARE_V01,30,False,1,1,1,1.0,0.20654931437723745,1.0,61,61,31001,31001:completed/61,3.59
C18,WEAK_V02,30,False,1,1,0,0.0,0.0,0.7934506856227626,,,31001,31001:danger/17,1.408
C19,MERGE_AWARE_V01,36,True,1,1,1,1.0,0.20654931437723745,1.0,73,73,31001,31001:completed/73,16.259
C19,WEAK_V02,36,True,1,1,0,0.0,0.0,0.7934506856227626,,,31001,31001:danger/17,1.608
C20,MERGE_AWARE_V01,38,False,1,1,1,1.0,0.20654931437723745,1.0,101,101,31001,31001:completed/101,39.277
C20,WEAK_V02,38,False,1,1,0,0.0,0.0,0.7934506856227626,,,31001,31001:danger/17,5.48
C21,MERGE_AWARE_V01,40,True,1,1,0,0.0,0.0,0.7934506856227626,,,31001,31001:danger/133,35.027
C21,WEAK_V02,40,True,1,1,0,0.0,0.0,0.7934506856227626,,,31001,31001:danger/17,4.585
C22,MERGE_AWARE_V01,41,False,1,1,1,1.0,0.20654931437723745,1.0,61,61,31001,31001:completed/61,14.64
C22,WEAK_V02,41,False,1,1,0,0.0,0.0,0.7934506856227626,,,31001,31001:danger/17,5.394
C23,MERGE_AWARE_V01,43,False,1,1,1,1.0,0.20654931437723745,1.0,120,120,31001,31001:completed/120,44.761
C23,WEAK_V02,43,False,1,1,0,0.0,0.0,0.7934506856227626,,,31001,31001:danger/17,4.632
C24,WEAK_V02,44,True,1,1,0,0.0,0.0,0.7934506856227626,,,31001,31001:danger/17,4.906
