"island_id","level_id","order_merge_mass","best_case_all_L3_shot_floor","mean_spawn_value_planning_shots","prior_structural_candidate_not_deployable","existing_move_limit","three_star_moves","two_star_moves","prior_M17_class","prior_M17_trial_count","prior_M17_completed_count","prior_M17_completed_shot_counts","prior_M17_noncompletion_outcomes","M25_untimed_pilot_trial_count","M25_untimed_pilot_outcomes","calibration_disposition"
"sunny_cove","1","16","4","7","16","","","","C01","5","3","12;20;12","timeout:2","4","WEAK_V02/101:completed/6;WEAK_V02/202:completed/10;MERGE_AWARE_V01/101:completed/18;MERGE_AWARE_V01/202:completed/13","OWNER_CALIBRATION_REQUIRED_NO_NEW_BUDGET_OR_STAR_CUTOFF"
"sunny_cove","2","16","4","7","16","","","","C01","5","3","12;20;12","timeout:2","0","","OWNER_CALIBRATION_REQUIRED_NO_NEW_BUDGET_OR_STAR_CUTOFF"
"sunny_cove","3","32","8","14","25","","","","C02","1","1","33","","0","","OWNER_CALIBRATION_REQUIRED_NO_NEW_BUDGET_OR_STAR_CUTOFF"
"sunny_cove","4","32","8","14","25","","","","C03","5","1","39","danger:1;timeout:3","0","","OWNER_CALIBRATION_REQUIRED_NO_NEW_BUDGET_OR_STAR_CUTOFF"
"sunny_cove","5","32","8","14","25","","","","C02","1","1","33","","0","","OWNER_CALIBRATION_REQUIRED_NO_NEW_BUDGET_OR_STAR_CUTOFF"
"sunny_cove","6","48","12","21","35","35","","","C04","5","1","50","danger:3;timeout:1","4","WEAK_V02/101:danger/38;WEAK_V02/202:danger/25;MERGE_AWARE_V01/101:completed/40;MERGE_AWARE_V01/202:completed/27","OWNER_CALIBRATION_REQUIRED_NO_NEW_BUDGET_OR_STAR_CUTOFF"
"sunny_cove","7","48","12","21","35","","","","C05","1","1","31","","0","","OWNER_CALIBRATION_REQUIRED_NO_NEW_BUDGET_OR_STAR_CUTOFF"
"sunny_cove","8","48","12","21","35","","","","C06","5","1","49","danger:2;timeout:2","0","","OWNER_CALIBRATION_REQUIRED_NO_NEW_BUDGET_OR_STAR_CUTOFF"
"sunny_cove","9","64","16","28","44","","","","C07","5","0","","danger:4;timeout:1","0","","OWNER_CALIBRATION_REQUIRED_NO_NEW_BUDGET_OR_STAR_CUTOFF"
"sunny_cove","10","64","16","28","44","","","","C08","5","0","","danger:3;timeout:2","0","","OWNER_CALIBRATION_REQUIRED_NO_NEW_BUDGET_OR_STAR_CUTOFF"
"sunny_cove","11","48","12","21","35","","","","C04","5","1","50","danger:3;timeout:1","0","","OWNER_CALIBRATION_REQUIRED_NO_NEW_BUDGET_OR_STAR_CUTOFF"
"sunny_cove","12","64","16","28","44","","","","C09","5","0","","danger:5","0","","OWNER_CALIBRATION_REQUIRED_NO_NEW_BUDGET_OR_STAR_CUTOFF"
"sunny_cove","13","64","16","28","44","","","","C08","5","0","","danger:3;timeout:2","0","","OWNER_CALIBRATION_REQUIRED_NO_NEW_BUDGET_OR_STAR_CUTOFF"
"sunny_cove","14","64","16","28","44","","","","C10","1","1","53","","0","","OWNER_CALIBRATION_REQUIRED_NO_NEW_BUDGET_OR_STAR_CUTOFF"
"sunny_cove","15","80","20","35","54","","","","C11","5","2","89;90","danger:3","0","","OWNER_CALIBRATION_REQUIRED_NO_NEW_BUDGET_OR_STAR_CUTOFF"
"sunny_cove","16","64","16","28","44","","","","C09","5","0","","danger:5","0","","OWNER_CALIBRATION_REQUIRED_NO_NEW_BUDGET_OR_STAR_CUTOFF"
"sunny_cove","17","80","20","35","54","","","","C11","5","2","89;90","danger:3","0","","OWNER_CALIBRATION_REQUIRED_NO_NEW_BUDGET_OR_STAR_CUTOFF"
"sunny_cove","18","80","20","35","54","","","","C12","5","0","","danger:5","0","","OWNER_CALIBRATION_REQUIRED_NO_NEW_BUDGET_OR_STAR_CUTOFF"
"sunny_cove","19","80","20","35","54","","","","C11","5","2","89;90","danger:3","0","","OWNER_CALIBRATION_REQUIRED_NO_NEW_BUDGET_OR_STAR_CUTOFF"
"sunny_cove","20","96","24","42","63","","","","C13","5","0","","danger:5","4","WEAK_V02/101:danger/38;WEAK_V02/202:danger/22;MERGE_AWARE_V01/101:completed/84;MERGE_AWARE_V01/202:completed/89","OWNER_CALIBRATION_REQUIRED_NO_NEW_BUDGET_OR_STAR_CUTOFF"
"sunny_cove","21","64","16","28","44","","","","C07","5","0","","danger:4;timeout:1","0","","OWNER_CALIBRATION_REQUIRED_NO_NEW_BUDGET_OR_STAR_CUTOFF"
"sunny_cove","22","80","20","35","54","","","","C11","5","2","89;90","danger:3","0","","OWNER_CALIBRATION_REQUIRED_NO_NEW_BUDGET_OR_STAR_CUTOFF"
"sunny_cove","23","80","20","35","54","","","","C12","5","0","","danger:5","0","","OWNER_CALIBRATION_REQUIRED_NO_NEW_BUDGET_OR_STAR_CUTOFF"
"sunny_cove","24","96","24","42","63","","","","C14","5","0","","danger:5","0","","OWNER_CALIBRATION_REQUIRED_NO_NEW_BUDGET_OR_STAR_CUTOFF"
"sunny_cove","25","80","20","35","54","","","","C11","5","2","89;90","danger:3","0","","OWNER_CALIBRATION_REQUIRED_NO_NEW_BUDGET_OR_STAR_CUTOFF"
"sunny_cove","26","96","24","42","63","","","","C15","5","0","","danger:5","0","","OWNER_CALIBRATION_REQUIRED_NO_NEW_BUDGET_OR_STAR_CUTOFF"
"sunny_cove","27","96","24","42","63","","","","C16","5","0","","danger:5","0","","OWNER_CALIBRATION_REQUIRED_NO_NEW_BUDGET_OR_STAR_CUTOFF"
"sunny_cove","28","96","24","42","63","","","","C13","5","0","","danger:5","0","","OWNER_CALIBRATION_REQUIRED_NO_NEW_BUDGET_OR_STAR_CUTOFF"
"sunny_cove","29","112","28","48","71","","","","C17","5","1","98","danger:4","0","","OWNER_CALIBRATION_REQUIRED_NO_NEW_BUDGET_OR_STAR_CUTOFF"
"sunny_cove","30","112","28","48","71","","","","C18","5","0","","danger:5","0","","OWNER_CALIBRATION_REQUIRED_NO_NEW_BUDGET_OR_STAR_CUTOFF"
"sunny_cove","31","80","20","35","54","","","","C11","5","2","89;90","danger:3","0","","OWNER_CALIBRATION_REQUIRED_NO_NEW_BUDGET_OR_STAR_CUTOFF"
"sunny_cove","32","96","24","42","63","","","","C14","5","0","","danger:5","0","","OWNER_CALIBRATION_REQUIRED_NO_NEW_BUDGET_OR_STAR_CUTOFF"
"sunny_cove","33","96","24","42","63","","","","C15","5","0","","danger:5","0","","OWNER_CALIBRATION_REQUIRED_NO_NEW_BUDGET_OR_STAR_CUTOFF"
"sunny_cove","34","112","28","48","71","","","","C17","5","1","98","danger:4","0","","OWNER_CALIBRATION_REQUIRED_NO_NEW_BUDGET_OR_STAR_CUTOFF"
"sunny_cove","35","96","24","42","63","","","","C16","5","0","","danger:5","0","","OWNER_CALIBRATION_REQUIRED_NO_NEW_BUDGET_OR_STAR_CUTOFF"
"sunny_cove","36","112","28","48","71","","","","C19","5","0","","danger:5","0","","OWNER_CALIBRATION_REQUIRED_NO_NEW_BUDGET_OR_STAR_CUTOFF"
"sunny_cove","37","112","28","48","71","","","","C17","5","1","98","danger:4","0","","OWNER_CALIBRATION_REQUIRED_NO_NEW_BUDGET_OR_STAR_CUTOFF"
"sunny_cove","38","128","32","55","81","","","","C20","5","0","","danger:5","0","","OWNER_CALIBRATION_REQUIRED_NO_NEW_BUDGET_OR_STAR_CUTOFF"
"sunny_cove","39","112","28","48","71","","","","C17","5","1","98","danger:4","0","","OWNER_CALIBRATION_REQUIRED_NO_NEW_BUDGET_OR_STAR_CUTOFF"
"sunny_cove","40","128","32","55","81","","","","C21","5","0","","danger:4;timeout:1","0","","OWNER_CALIBRATION_REQUIRED_NO_NEW_BUDGET_OR_STAR_CUTOFF"
"sunny_cove","41","96","24","42","63","","","","C22","5","0","","danger:5","0","","OWNER_CALIBRATION_REQUIRED_NO_NEW_BUDGET_OR_STAR_CUTOFF"
"sunny_cove","42","112","28","48","71","","","","C17","5","1","98","danger:4","0","","OWNER_CALIBRATION_REQUIRED_NO_NEW_BUDGET_OR_STAR_CUTOFF"
"sunny_cove","43","128","32","55","81","","","","C23","5","0","","danger:5","0","","OWNER_CALIBRATION_REQUIRED_NO_NEW_BUDGET_OR_STAR_CUTOFF"
"sunny_cove","44","112","28","48","71","","","","C24","5","0","","danger:5","0","","OWNER_CALIBRATION_REQUIRED_NO_NEW_BUDGET_OR_STAR_CUTOFF"
"sunny_cove","45","128","32","55","81","","","","C20","5","0","","danger:5","0","","OWNER_CALIBRATION_REQUIRED_NO_NEW_BUDGET_OR_STAR_CUTOFF"
"sunny_cove","46","128","32","55","81","","","","C25","5","0","","danger:5","0","","OWNER_CALIBRATION_REQUIRED_NO_NEW_BUDGET_OR_STAR_CUTOFF"
"sunny_cove","47","144","36","62","90","","","","C26","5","0","","danger:5","0","","OWNER_CALIBRATION_REQUIRED_NO_NEW_BUDGET_OR_STAR_CUTOFF"
"sunny_cove","48","128","32","55","81","","","","C27","5","0","","danger:5","0","","OWNER_CALIBRATION_REQUIRED_NO_NEW_BUDGET_OR_STAR_CUTOFF"
"sunny_cove","49","144","36","62","90","","","","C28","5","0","","danger:5","0","","OWNER_CALIBRATION_REQUIRED_NO_NEW_BUDGET_OR_STAR_CUTOFF"
"sunny_cove","50","144","36","62","90","","","","C26","5","0","","danger:5","0","","OWNER_CALIBRATION_REQUIRED_NO_NEW_BUDGET_OR_STAR_CUTOFF"
"sunny_cove","51","112","28","48","71","","","","C17","5","1","98","danger:4","0","","OWNER_CALIBRATION_REQUIRED_NO_NEW_BUDGET_OR_STAR_CUTOFF"
"sunny_cove","52","128","32","55","81","","","","C21","5","0","","danger:4;timeout:1","0","","OWNER_CALIBRATION_REQUIRED_NO_NEW_BUDGET_OR_STAR_CUTOFF"
"sunny_cove","53","144","36","62","90","","","","C26","5","0","","danger:5","0","","OWNER_CALIBRATION_REQUIRED_NO_NEW_BUDGET_OR_STAR_CUTOFF"
"sunny_cove","54","128","32","55","81","","","","C20","5","0","","danger:5","0","","OWNER_CALIBRATION_REQUIRED_NO_NEW_BUDGET_OR_STAR_CUTOFF"
"sunny_cove","55","144","36","62","90","","","","C26","5","0","","danger:5","0","","OWNER_CALIBRATION_REQUIRED_NO_NEW_BUDGET_OR_STAR_CUTOFF"
"sunny_cove","56","160","40","69","100","","","","C29","5","0","","danger:5","0","","OWNER_CALIBRATION_REQUIRED_NO_NEW_BUDGET_OR_STAR_CUTOFF"
"sunny_cove","57","144","36","62","90","","","","C28","5","0","","danger:5","0","","OWNER_CALIBRATION_REQUIRED_NO_NEW_BUDGET_OR_STAR_CUTOFF"
"sunny_cove","58","160","40","69","100","","","","C30","5","0","","danger:5","0","","OWNER_CALIBRATION_REQUIRED_NO_NEW_BUDGET_OR_STAR_CUTOFF"
"sunny_cove","59","160","40","69","100","","","","C31","5","0","","danger:5","0","","OWNER_CALIBRATION_REQUIRED_NO_NEW_BUDGET_OR_STAR_CUTOFF"
"sunny_cove","60","176","44","76","109","","","","C32","5","0","","danger:5","2","WEAK_V02/101:danger/38;WEAK_V02/202:danger/25","OWNER_CALIBRATION_REQUIRED_NO_NEW_BUDGET_OR_STAR_CUTOFF"
"sunny_cove","61","128","32","55","81","","","","C23","5","0","","danger:5","0","","OWNER_CALIBRATION_REQUIRED_NO_NEW_BUDGET_OR_STAR_CUTOFF"
"sunny_cove","62","144","36","62","90","","","","C26","5","0","","danger:5","0","","OWNER_CALIBRATION_REQUIRED_NO_NEW_BUDGET_OR_STAR_CUTOFF"
"sunny_cove","63","160","40","69","100","","","","C30","5","0","","danger:5","0","","OWNER_CALIBRATION_REQUIRED_NO_NEW_BUDGET_OR_STAR_CUTOFF"
"sunny_cove","64","144","36","62","90","","","","C33","5","0","","danger:5","0","","OWNER_CALIBRATION_REQUIRED_NO_NEW_BUDGET_OR_STAR_CUTOFF"
"sunny_cove","65","160","40","69","100","","","","C30","5","0","","danger:5","0","","OWNER_CALIBRATION_REQUIRED_NO_NEW_BUDGET_OR_STAR_CUTOFF"
"sunny_cove","66","176","44","76","109","","","","C34","5","1","202","danger:4","0","","OWNER_CALIBRATION_REQUIRED_NO_NEW_BUDGET_OR_STAR_CUTOFF"
"sunny_cove","67","160","40","69","100","","","","C31","5","0","","danger:5","0","","OWNER_CALIBRATION_REQUIRED_NO_NEW_BUDGET_OR_STAR_CUTOFF"
"sunny_cove","68","176","44","76","109","","","","C35","5","0","","danger:5","0","","OWNER_CALIBRATION_REQUIRED_NO_NEW_BUDGET_OR_STAR_CUTOFF"
"sunny_cove","69","192","48","83","119","","","","C36","5","0","","danger:5","0","","OWNER_CALIBRATION_REQUIRED_NO_NEW_BUDGET_OR_STAR_CUTOFF"
"sunny_cove","70","176","44","76","109","","","","C34","5","1","202","danger:4","0","","OWNER_CALIBRATION_REQUIRED_NO_NEW_BUDGET_OR_STAR_CUTOFF"
"sunny_cove","71","144","36","62","90","","","","C26","5","0","","danger:5","0","","OWNER_CALIBRATION_REQUIRED_NO_NEW_BUDGET_OR_STAR_CUTOFF"
"sunny_cove","72","160","40","69","100","","","","C29","5","0","","danger:5","0","","OWNER_CALIBRATION_REQUIRED_NO_NEW_BUDGET_OR_STAR_CUTOFF"
"sunny_cove","73","176","44","76","109","","","","C34","5","1","202","danger:4","0","","OWNER_CALIBRATION_REQUIRED_NO_NEW_BUDGET_OR_STAR_CUTOFF"
"sunny_cove","74","160","40","69","100","","","","C31","5","0","","danger:5","0","","OWNER_CALIBRATION_REQUIRED_NO_NEW_BUDGET_OR_STAR_CUTOFF"
"sunny_cove","75","176","44","76","109","","","","C34","5","1","202","danger:4","0","","OWNER_CALIBRATION_REQUIRED_NO_NEW_BUDGET_OR_STAR_CUTOFF"
"sunny_cove","76","192","48","83","119","","","","C37","5","0","","danger:5","0","","OWNER_CALIBRATION_REQUIRED_NO_NEW_BUDGET_OR_STAR_CUTOFF"
"sunny_cove","77","176","44","76","109","","","","C38","5","0","","danger:5","0","","OWNER_CALIBRATION_REQUIRED_NO_NEW_BUDGET_OR_STAR_CUTOFF"
"sunny_cove","78","192","48","83","119","","","","C36","5","0","","danger:5","0","","OWNER_CALIBRATION_REQUIRED_NO_NEW_BUDGET_OR_STAR_CUTOFF"
"sunny_cove","79","208","52","90","128","","","","C39","5","1","190","danger:4","0","","OWNER_CALIBRATION_REQUIRED_NO_NEW_BUDGET_OR_STAR_CUTOFF"
"sunny_cove","80","192","48","83","119","","","","C40","5","0","","danger:5","0","","OWNER_CALIBRATION_REQUIRED_NO_NEW_BUDGET_OR_STAR_CUTOFF"
"sunny_cove","81","160","40","69","100","","","","C30","5","0","","danger:5","0","","OWNER_CALIBRATION_REQUIRED_NO_NEW_BUDGET_OR_STAR_CUTOFF"
"sunny_cove","82","176","44","76","109","","","","C34","5","1","202","danger:4","0","","OWNER_CALIBRATION_REQUIRED_NO_NEW_BUDGET_OR_STAR_CUTOFF"
"sunny_cove","83","192","48","83","119","","","","C36","5","0","","danger:5","0","","OWNER_CALIBRATION_REQUIRED_NO_NEW_BUDGET_OR_STAR_CUTOFF"
"sunny_cove","84","176","44","76","109","","","","C35","5","0","","danger:5","0","","OWNER_CALIBRATION_REQUIRED_NO_NEW_BUDGET_OR_STAR_CUTOFF"
"sunny_cove","85","192","48","83","119","","","","C36","5","0","","danger:5","0","","OWNER_CALIBRATION_REQUIRED_NO_NEW_BUDGET_OR_STAR_CUTOFF"
"sunny_cove","86","208","52","90","128","","","","C39","5","1","190","danger:4","0","","OWNER_CALIBRATION_REQUIRED_NO_NEW_BUDGET_OR_STAR_CUTOFF"
"sunny_cove","87","192","48","83","119","","","","C41","5","0","","danger:5","0","","OWNER_CALIBRATION_REQUIRED_NO_NEW_BUDGET_OR_STAR_CUTOFF"
"sunny_cove","88","208","52","90","128","","","","C42","5","0","","danger:5","0","","OWNER_CALIBRATION_REQUIRED_NO_NEW_BUDGET_OR_STAR_CUTOFF"
"sunny_cove","89","224","56","96","136","","","","C43","5","0","","danger:5","0","","OWNER_CALIBRATION_REQUIRED_NO_NEW_BUDGET_OR_STAR_CUTOFF"
"sunny_cove","90","208","52","90","128","","","","C39","5","1","190","danger:4","0","","OWNER_CALIBRATION_REQUIRED_NO_NEW_BUDGET_OR_STAR_CUTOFF"
"sunny_cove","91","176","44","76","109","","","","C34","5","1","202","danger:4","0","","OWNER_CALIBRATION_REQUIRED_NO_NEW_BUDGET_OR_STAR_CUTOFF"
"sunny_cove","92","192","48","83","119","","","","C37","5","0","","danger:5","0","","OWNER_CALIBRATION_REQUIRED_NO_NEW_BUDGET_OR_STAR_CUTOFF"
"sunny_cove","93","208","52","90","128","","","","C39","5","1","190","danger:4","0","","OWNER_CALIBRATION_REQUIRED_NO_NEW_BUDGET_OR_STAR_CUTOFF"
"sunny_cove","94","192","48","83","119","","","","C41","5","0","","danger:5","0","","OWNER_CALIBRATION_REQUIRED_NO_NEW_BUDGET_OR_STAR_CUTOFF"
"sunny_cove","95","208","52","90","128","","","","C39","5","1","190","danger:4","0","","OWNER_CALIBRATION_REQUIRED_NO_NEW_BUDGET_OR_STAR_CUTOFF"
"sunny_cove","96","224","56","96","136","","","","C44","5","0","","danger:5","0","","OWNER_CALIBRATION_REQUIRED_NO_NEW_BUDGET_OR_STAR_CUTOFF"
"sunny_cove","97","208","52","90","128","","","","C39","5","1","190","danger:4","0","","OWNER_CALIBRATION_REQUIRED_NO_NEW_BUDGET_OR_STAR_CUTOFF"
"sunny_cove","98","224","56","96","136","","","","C43","5","0","","danger:5","0","","OWNER_CALIBRATION_REQUIRED_NO_NEW_BUDGET_OR_STAR_CUTOFF"
"sunny_cove","99","224","56","96","136","","","","C43","5","0","","danger:5","0","","OWNER_CALIBRATION_REQUIRED_NO_NEW_BUDGET_OR_STAR_CUTOFF"
"sunny_cove","100","240","60","103","146","","","","C45","5","0","","danger:5","0","","OWNER_CALIBRATION_REQUIRED_NO_NEW_BUDGET_OR_STAR_CUTOFF"
