path,width,height,mode,alpha_expected
assets/ui_assets/brand/app_icon.png,256,256,RGBA,True
assets/ui_assets/brand/brand_badge_small.png,128,128,RGBA,True
assets/ui_assets/brand/brand_wordmark_small.png,360,150,RGBA,True
assets/ui_assets/brand/legal_logo_mark.png,220,220,RGBA,True
assets/ui_assets/brand/logo_beach_cocktails_merge.png,253,512,RGBA,True
assets/ui_assets/brand/splash_logo.png,220,220,RGBA,True
assets/ui_assets/campaign/island_map/finale_crown.png,320,180,RGBA,True
assets/ui_assets/campaign/island_map/island_summary_panel.png,440,190,RGBA,True
assets/ui_assets/campaign/island_map/level_connector.png,520,36,RGBA,True
assets/ui_assets/campaign/island_map/level_connector_complete.png,520,36,RGBA,True
assets/ui_assets/campaign/island_map/level_node_completed.png,320,180,RGBA,True
assets/ui_assets/campaign/island_map/level_node_current.png,320,180,RGBA,True
assets/ui_assets/campaign/island_map/level_node_finale.png,320,180,RGBA,True
assets/ui_assets/campaign/island_map/level_node_locked.png,320,180,RGBA,True
assets/ui_assets/campaign/island_map/level_node_milestone.png,320,180,RGBA,True
assets/ui_assets/campaign/island_map/level_node_unlocked.png,320,180,RGBA,True
assets/ui_assets/campaign/island_map/map_scroll_bottom_decor.png,320,180,RGBA,True
assets/ui_assets/campaign/island_map/map_scroll_top_decor.png,320,180,RGBA,True
assets/ui_assets/campaign/island_map/milestone_chest_marker.png,128,128,RGBA,True
assets/ui_assets/campaign/island_map/next_milestone_panel.png,440,190,RGBA,True
assets/ui_assets/campaign/island_map/star_small_empty.png,128,128,RGBA,True
assets/ui_assets/campaign/island_map/star_small_filled.png,128,128,RGBA,True
assets/ui_assets/campaign/island_map/stars_counter_panel.png,128,128,RGBA,True
assets/ui_assets/campaign/islands/azure_bay/complete_badge.png,128,128,RGBA,True
assets/ui_assets/campaign/islands/azure_bay/decor_back.png,300,380,RGBA,True
assets/ui_assets/campaign/islands/azure_bay/decor_left.png,300,380,RGBA,True
assets/ui_assets/campaign/islands/azure_bay/decor_right.png,300,380,RGBA,True
assets/ui_assets/campaign/islands/azure_bay/gameplay_background.png,720,1280,RGBA,True
assets/ui_assets/campaign/islands/azure_bay/gameplay_table.png,720,1280,RGBA,True
assets/ui_assets/campaign/islands/azure_bay/gameplay_table_shadow.png,720,1280,RGBA,True
assets/ui_assets/campaign/islands/azure_bay/launch_zone.png,720,1280,RGBA,True
assets/ui_assets/campaign/islands/azure_bay/map_background.png,720,1280,RGBA,True
assets/ui_assets/campaign/islands/azure_bay/map_title.png,500,120,RGBA,True
assets/ui_assets/campaign/islands/azure_bay/table_edge_overlay.png,720,1280,RGBA,True
assets/ui_assets/campaign/islands/azure_bay/theme_badge.png,128,128,RGBA,True
assets/ui_assets/campaign/islands/azure_bay/world_icon.png,220,220,RGBA,True
assets/ui_assets/campaign/islands/billionaire_island/complete_badge.png,128,128,RGBA,True
assets/ui_assets/campaign/islands/billionaire_island/decor_back.png,300,380,RGBA,True
assets/ui_assets/campaign/islands/billionaire_island/decor_left.png,300,380,RGBA,True
assets/ui_assets/campaign/islands/billionaire_island/decor_right.png,300,380,RGBA,True
assets/ui_assets/campaign/islands/billionaire_island/gameplay_background.png,720,1280,RGBA,True
assets/ui_assets/campaign/islands/billionaire_island/gameplay_table.png,720,1280,RGBA,True
assets/ui_assets/campaign/islands/billionaire_island/gameplay_table_shadow.png,720,1280,RGBA,True
assets/ui_assets/campaign/islands/billionaire_island/launch_zone.png,720,1280,RGBA,True
assets/ui_assets/campaign/islands/billionaire_island/map_background.png,720,1280,RGBA,True
assets/ui_assets/campaign/islands/billionaire_island/map_title.png,500,120,RGBA,True
assets/ui_assets/campaign/islands/billionaire_island/table_edge_overlay.png,720,1280,RGBA,True
assets/ui_assets/campaign/islands/billionaire_island/theme_badge.png,128,128,RGBA,True
assets/ui_assets/campaign/islands/billionaire_island/world_icon.png,220,220,RGBA,True
assets/ui_assets/campaign/islands/coconut_beach/complete_badge.png,128,128,RGBA,True
assets/ui_assets/campaign/islands/coconut_beach/decor_back.png,300,380,RGBA,True
assets/ui_assets/campaign/islands/coconut_beach/decor_left.png,300,380,RGBA,True
assets/ui_assets/campaign/islands/coconut_beach/decor_right.png,300,380,RGBA,True
assets/ui_assets/campaign/islands/coconut_beach/gameplay_background.png,720,1280,RGBA,True
assets/ui_assets/campaign/islands/coconut_beach/gameplay_table.png,720,1280,RGBA,True
assets/ui_assets/campaign/islands/coconut_beach/gameplay_table_shadow.png,720,1280,RGBA,True
assets/ui_assets/campaign/islands/coconut_beach/launch_zone.png,720,1280,RGBA,True
assets/ui_assets/campaign/islands/coconut_beach/map_background.png,720,1280,RGBA,True
assets/ui_assets/campaign/islands/coconut_beach/map_title.png,500,120,RGBA,True
assets/ui_assets/campaign/islands/coconut_beach/table_edge_overlay.png,720,1280,RGBA,True
assets/ui_assets/campaign/islands/coconut_beach/theme_badge.png,128,128,RGBA,True
assets/ui_assets/campaign/islands/coconut_beach/world_icon.png,220,220,RGBA,True
assets/ui_assets/campaign/islands/final_island/complete_badge.png,128,128,RGBA,True
assets/ui_assets/campaign/islands/final_island/decor_back.png,300,380,RGBA,True
assets/ui_assets/campaign/islands/final_island/decor_left.png,300,380,RGBA,True
assets/ui_assets/campaign/islands/final_island/decor_right.png,300,380,RGBA,True
assets/ui_assets/campaign/islands/final_island/gameplay_background.png,720,1280,RGBA,True
assets/ui_assets/campaign/islands/final_island/gameplay_table.png,720,1280,RGBA,True
assets/ui_assets/campaign/islands/final_island/gameplay_table_shadow.png,720,1280,RGBA,True
assets/ui_assets/campaign/islands/final_island/launch_zone.png,720,1280,RGBA,True
assets/ui_assets/campaign/islands/final_island/map_background.png,720,1280,RGBA,True
assets/ui_assets/campaign/islands/final_island/map_title.png,500,120,RGBA,True
assets/ui_assets/campaign/islands/final_island/table_edge_overlay.png,720,1280,RGBA,True
assets/ui_assets/campaign/islands/final_island/theme_badge.png,128,128,RGBA,True
assets/ui_assets/campaign/islands/final_island/world_icon.png,220,220,RGBA,True
assets/ui_assets/campaign/islands/frozen_paradise/complete_badge.png,128,128,RGBA,True
assets/ui_assets/campaign/islands/frozen_paradise/decor_back.png,300,380,RGBA,True
assets/ui_assets/campaign/islands/frozen_paradise/decor_left.png,300,380,RGBA,True
assets/ui_assets/campaign/islands/frozen_paradise/decor_right.png,300,380,RGBA,True
assets/ui_assets/campaign/islands/frozen_paradise/gameplay_background.png,720,1280,RGBA,True
assets/ui_assets/campaign/islands/frozen_paradise/gameplay_table.png,720,1280,RGBA,True
assets/ui_assets/campaign/islands/frozen_paradise/gameplay_table_shadow.png,720,1280,RGBA,True
assets/ui_assets/campaign/islands/frozen_paradise/launch_zone.png,720,1280,RGBA,True
assets/ui_assets/campaign/islands/frozen_paradise/map_background.png,720,1280,RGBA,True
assets/ui_assets/campaign/islands/frozen_paradise/map_title.png,500,120,RGBA,True
assets/ui_assets/campaign/islands/frozen_paradise/table_edge_overlay.png,720,1280,RGBA,True
assets/ui_assets/campaign/islands/frozen_paradise/theme_badge.png,128,128,RGBA,True
assets/ui_assets/campaign/islands/frozen_paradise/world_icon.png,220,220,RGBA,True
assets/ui_assets/campaign/islands/party_beach/complete_badge.png,128,128,RGBA,True
assets/ui_assets/campaign/islands/party_beach/decor_back.png,300,380,RGBA,True
assets/ui_assets/campaign/islands/party_beach/decor_left.png,300,380,RGBA,True
assets/ui_assets/campaign/islands/party_beach/decor_right.png,300,380,RGBA,True
assets/ui_assets/campaign/islands/party_beach/gameplay_background.png,720,1280,RGBA,True
assets/ui_assets/campaign/islands/party_beach/gameplay_table.png,720,1280,RGBA,True
assets/ui_assets/campaign/islands/party_beach/gameplay_table_shadow.png,720,1280,RGBA,True
assets/ui_assets/campaign/islands/party_beach/launch_zone.png,720,1280,RGBA,True
assets/ui_assets/campaign/islands/party_beach/map_background.png,720,1280,RGBA,True
assets/ui_assets/campaign/islands/party_beach/map_title.png,500,120,RGBA,True
assets/ui_assets/campaign/islands/party_beach/table_edge_overlay.png,720,1280,RGBA,True
assets/ui_assets/campaign/islands/party_beach/theme_badge.png,128,128,RGBA,True
assets/ui_assets/campaign/islands/party_beach/world_icon.png,220,220,RGBA,True
assets/ui_assets/campaign/islands/sunny_cove/complete_badge.png,128,128,RGBA,True
assets/ui_assets/campaign/islands/sunny_cove/decor_back.png,300,380,RGBA,True
assets/ui_assets/campaign/islands/sunny_cove/decor_left.png,300,380,RGBA,True
assets/ui_assets/campaign/islands/sunny_cove/decor_right.png,300,380,RGBA,True
assets/ui_assets/campaign/islands/sunny_cove/gameplay_background.png,720,1280,RGBA,True
assets/ui_assets/campaign/islands/sunny_cove/gameplay_table.png,720,1280,RGBA,True
assets/ui_assets/campaign/islands/sunny_cove/gameplay_table_shadow.png,720,1280,RGBA,True
assets/ui_assets/campaign/islands/sunny_cove/launch_zone.png,720,1280,RGBA,True
assets/ui_assets/campaign/islands/sunny_cove/map_background.png,720,1280,RGBA,True
assets/ui_assets/campaign/islands/sunny_cove/map_title.png,500,120,RGBA,True
assets/ui_assets/campaign/islands/sunny_cove/table_edge_overlay.png,720,1280,RGBA,True
assets/ui_assets/campaign/islands/sunny_cove/theme_badge.png,128,128,RGBA,True
assets/ui_assets/campaign/islands/sunny_cove/world_icon.png,220,220,RGBA,True
assets/ui_assets/campaign/islands/sunset_island/complete_badge.png,128,128,RGBA,True
assets/ui_assets/campaign/islands/sunset_island/decor_back.png,300,380,RGBA,True
assets/ui_assets/campaign/islands/sunset_island/decor_left.png,300,380,RGBA,True
assets/ui_assets/campaign/islands/sunset_island/decor_right.png,300,380,RGBA,True
assets/ui_assets/campaign/islands/sunset_island/gameplay_background.png,720,1280,RGBA,True
assets/ui_assets/campaign/islands/sunset_island/gameplay_table.png,720,1280,RGBA,True
assets/ui_assets/campaign/islands/sunset_island/gameplay_table_shadow.png,720,1280,RGBA,True
assets/ui_assets/campaign/islands/sunset_island/launch_zone.png,720,1280,RGBA,True
assets/ui_assets/campaign/islands/sunset_island/map_background.png,720,1280,RGBA,True
assets/ui_assets/campaign/islands/sunset_island/map_title.png,500,120,RGBA,True
assets/ui_assets/campaign/islands/sunset_island/table_edge_overlay.png,720,1280,RGBA,True
assets/ui_assets/campaign/islands/sunset_island/theme_badge.png,128,128,RGBA,True
assets/ui_assets/campaign/islands/sunset_island/world_icon.png,220,220,RGBA,True
assets/ui_assets/campaign/islands/tiki_island/complete_badge.png,128,128,RGBA,True
assets/ui_assets/campaign/islands/tiki_island/decor_back.png,300,380,RGBA,True
assets/ui_assets/campaign/islands/tiki_island/decor_left.png,300,380,RGBA,True
assets/ui_assets/campaign/islands/tiki_island/decor_right.png,300,380,RGBA,True
assets/ui_assets/campaign/islands/tiki_island/gameplay_background.png,720,1280,RGBA,True
assets/ui_assets/campaign/islands/tiki_island/gameplay_table.png,720,1280,RGBA,True
assets/ui_assets/campaign/islands/tiki_island/gameplay_table_shadow.png,720,1280,RGBA,True
assets/ui_assets/campaign/islands/tiki_island/launch_zone.png,720,1280,RGBA,True
assets/ui_assets/campaign/islands/tiki_island/map_background.png,720,1280,RGBA,True
assets/ui_assets/campaign/islands/tiki_island/map_title.png,500,120,RGBA,True
assets/ui_assets/campaign/islands/tiki_island/table_edge_overlay.png,720,1280,RGBA,True
assets/ui_assets/campaign/islands/tiki_island/theme_badge.png,128,128,RGBA,True
assets/ui_assets/campaign/islands/tiki_island/world_icon.png,220,220,RGBA,True
assets/ui_assets/campaign/islands/volcano_bay/complete_badge.png,128,128,RGBA,True
assets/ui_assets/campaign/islands/volcano_bay/decor_back.png,300,380,RGBA,True
assets/ui_assets/campaign/islands/volcano_bay/decor_left.png,300,380,RGBA,True
assets/ui_assets/campaign/islands/volcano_bay/decor_right.png,300,380,RGBA,True
assets/ui_assets/campaign/islands/volcano_bay/gameplay_background.png,720,1280,RGBA,True
assets/ui_assets/campaign/islands/volcano_bay/gameplay_table.png,720,1280,RGBA,True
assets/ui_assets/campaign/islands/volcano_bay/gameplay_table_shadow.png,720,1280,RGBA,True
assets/ui_assets/campaign/islands/volcano_bay/launch_zone.png,720,1280,RGBA,True
assets/ui_assets/campaign/islands/volcano_bay/map_background.png,720,1280,RGBA,True
assets/ui_assets/campaign/islands/volcano_bay/map_title.png,500,120,RGBA,True
assets/ui_assets/campaign/islands/volcano_bay/table_edge_overlay.png,720,1280,RGBA,True
assets/ui_assets/campaign/islands/volcano_bay/theme_badge.png,128,128,RGBA,True
assets/ui_assets/campaign/islands/volcano_bay/world_icon.png,220,220,RGBA,True
assets/ui_assets/campaign/world_map/azure_bay.png,220,220,RGBA,True
assets/ui_assets/campaign/world_map/billionaire_island.png,220,220,RGBA,True
assets/ui_assets/campaign/world_map/coconut_beach.png,220,220,RGBA,True
assets/ui_assets/campaign/world_map/final_island.png,220,220,RGBA,True
assets/ui_assets/campaign/world_map/frozen_paradise.png,220,220,RGBA,True
assets/ui_assets/campaign/world_map/island_locked_overlay.png,320,180,RGBA,True
assets/ui_assets/campaign/world_map/island_name_panel.png,440,190,RGBA,True
assets/ui_assets/campaign/world_map/party_beach.png,220,220,RGBA,True
assets/ui_assets/campaign/world_map/route_line.png,520,36,RGBA,True
assets/ui_assets/campaign/world_map/route_marker.png,320,180,RGBA,True
assets/ui_assets/campaign/world_map/route_marker_complete.png,320,180,RGBA,True
assets/ui_assets/campaign/world_map/route_marker_current.png,320,180,RGBA,True
assets/ui_assets/campaign/world_map/sunny_cove.png,220,220,RGBA,True
assets/ui_assets/campaign/world_map/sunset_island.png,220,220,RGBA,True
assets/ui_assets/campaign/world_map/tiki_island.png,220,220,RGBA,True
assets/ui_assets/campaign/world_map/volcano_bay.png,220,220,RGBA,True
assets/ui_assets/campaign/world_map/world_clouds_back.png,320,180,RGBA,True
assets/ui_assets/campaign/world_map/world_clouds_front.png,320,180,RGBA,True
assets/ui_assets/campaign/world_map/world_map_background.png,720,1280,RGBA,True
assets/ui_assets/campaign/world_map/world_map_boat.png,320,180,RGBA,True
assets/ui_assets/campaign/world_map/world_map_compass.png,320,180,RGBA,True
assets/ui_assets/campaign/world_map/world_map_title_panel.png,500,120,RGBA,True
assets/ui_assets/CONTACT_SHEET_GLOBAL.png,970,590,RGBA,True
assets/ui_assets/CONTACT_SHEET_ISLANDS.png,1208,630,RGBA,True
assets/ui_assets/CONTACT_SHEET_MAJOR_SCREENS.png,970,690,RGBA,True
assets/ui_assets/CONTACT_SHEET_SCREENS.png,970,1026,RGBA,True
assets/ui_assets/CONTACT_SHEET_SEMANTIC_ICONS.png,1026,1098,RGBA,True
assets/ui_assets/CONTACT_SHEET_TABLES.png,1208,1296,RGBA,True
assets/ui_assets/effects/combo_badge.png,128,128,RGBA,True
assets/ui_assets/effects/combo_glow.png,220,160,RGBA,True
assets/ui_assets/effects/confetti_strip.png,220,160,RGBA,True
assets/ui_assets/effects/merge_flash.png,220,160,RGBA,True
assets/ui_assets/effects/merge_ring.png,220,160,RGBA,True
assets/ui_assets/effects/milestone_glow.png,220,160,RGBA,True
assets/ui_assets/effects/order_complete_flash.png,220,160,RGBA,True
assets/ui_assets/effects/score_pop_bg.png,220,160,RGBA,True
assets/ui_assets/effects/sparkle_large.png,220,160,RGBA,True
assets/ui_assets/effects/sparkle_small.png,220,160,RGBA,True
assets/ui_assets/effects/timer_warning_glow.png,220,160,RGBA,True
assets/ui_assets/effects/to_go_trail_variant.png,220,160,RGBA,True
assets/ui_assets/effects/vip_complete_flash.png,220,160,RGBA,True
assets/ui_assets/effects/win_rays.png,220,160,RGBA,True
assets/ui_assets/screens/daily_reward/button_claim.png,360,104,RGBA,True
assets/ui_assets/screens/daily_reward/daily_chest.png,128,128,RGBA,True
assets/ui_assets/screens/daily_reward/daily_day_claimed.png,220,160,RGBA,True
assets/ui_assets/screens/daily_reward/daily_day_current.png,220,160,RGBA,True
assets/ui_assets/screens/daily_reward/daily_day_locked.png,220,160,RGBA,True
assets/ui_assets/screens/daily_reward/daily_day_slot.png,440,190,RGBA,True
assets/ui_assets/screens/daily_reward/daily_reward_background.png,720,1280,RGBA,True
assets/ui_assets/screens/daily_reward/daily_reward_panel.png,440,190,RGBA,True
assets/ui_assets/screens/daily_reward/streak_badge.png,128,128,RGBA,True
assets/ui_assets/screens/main_menu/coin_counter_panel.png,440,190,RGBA,True
assets/ui_assets/screens/main_menu/gem_counter_panel.png,440,190,RGBA,True
assets/ui_assets/screens/main_menu/main_menu_background.png,720,1280,RGBA,True
assets/ui_assets/screens/main_menu/main_menu_daily_button.png,360,104,RGBA,True
assets/ui_assets/screens/main_menu/main_menu_decor_left.png,300,380,RGBA,True
assets/ui_assets/screens/main_menu/main_menu_decor_right.png,300,380,RGBA,True
assets/ui_assets/screens/main_menu/main_menu_logo_frame.png,440,190,RGBA,True
assets/ui_assets/screens/main_menu/main_menu_play_button.png,360,104,RGBA,True
assets/ui_assets/screens/main_menu/main_menu_settings_button.png,360,104,RGBA,True
assets/ui_assets/screens/main_menu/main_menu_shop_button.png,360,104,RGBA,True
assets/ui_assets/screens/main_menu/main_menu_world_map_button.png,360,104,RGBA,True
assets/ui_assets/screens/main_menu/profile_frame.png,440,190,RGBA,True
assets/ui_assets/screens/milestones/button_claim.png,360,104,RGBA,True
assets/ui_assets/screens/milestones/button_continue.png,360,104,RGBA,True
assets/ui_assets/screens/milestones/island_complete_panel.png,440,190,RGBA,True
assets/ui_assets/screens/milestones/island_complete_ribbon.png,220,160,RGBA,True
assets/ui_assets/screens/milestones/milestone_banner.png,220,160,RGBA,True
assets/ui_assets/screens/milestones/milestone_chest_closed.png,128,128,RGBA,True
assets/ui_assets/screens/milestones/milestone_chest_open.png,128,128,RGBA,True
assets/ui_assets/screens/milestones/milestone_glow.png,220,160,RGBA,True
assets/ui_assets/screens/milestones/milestone_reward_panel.png,440,190,RGBA,True
assets/ui_assets/screens/milestones/next_island_unlock_frame.png,440,190,RGBA,True
assets/ui_assets/screens/milestones/reward_slot.png,440,190,RGBA,True
assets/ui_assets/screens/pause/button_quit.png,360,104,RGBA,True
assets/ui_assets/screens/pause/button_restart.png,128,128,RGBA,True
assets/ui_assets/screens/pause/button_resume.png,360,104,RGBA,True
assets/ui_assets/screens/pause/button_settings.png,360,104,RGBA,True
assets/ui_assets/screens/pause/button_world_map.png,360,104,RGBA,True
assets/ui_assets/screens/pause/pause_panel.png,440,190,RGBA,True
assets/ui_assets/screens/prelevel/booster_selector_panel.png,440,190,RGBA,True
assets/ui_assets/screens/prelevel/button_close_prelevel.png,360,104,RGBA,True
assets/ui_assets/screens/prelevel/button_play_level.png,360,104,RGBA,True
assets/ui_assets/screens/prelevel/level_number_badge.png,128,128,RGBA,True
assets/ui_assets/screens/prelevel/order_slot.png,440,190,RGBA,True
assets/ui_assets/screens/prelevel/prelevel_panel.png,440,190,RGBA,True
assets/ui_assets/screens/prelevel/timer_icon.png,128,128,RGBA,True
assets/ui_assets/screens/prelevel/timer_panel_small.png,440,190,RGBA,True
assets/ui_assets/screens/prelevel/vip_badge.png,128,128,RGBA,True
assets/ui_assets/screens/prelevel/vip_reward_slot.png,440,190,RGBA,True
assets/ui_assets/screens/results/button_add_time.png,360,104,RGBA,True
assets/ui_assets/screens/results/button_island_map.png,360,104,RGBA,True
assets/ui_assets/screens/results/button_next_level.png,360,104,RGBA,True
assets/ui_assets/screens/results/button_replay.png,360,104,RGBA,True
assets/ui_assets/screens/results/button_retry.png,360,104,RGBA,True
assets/ui_assets/screens/results/button_world_map_fail.png,360,104,RGBA,True
assets/ui_assets/screens/results/fail_timer_icon.png,128,128,RGBA,True
assets/ui_assets/screens/results/level_complete_panel.png,440,190,RGBA,True
assets/ui_assets/screens/results/level_complete_title.png,500,120,RGBA,True
assets/ui_assets/screens/results/level_failed_panel.png,440,190,RGBA,True
assets/ui_assets/screens/results/remaining_order_slot.png,440,190,RGBA,True
assets/ui_assets/screens/results/reward_slot.png,440,190,RGBA,True
assets/ui_assets/screens/results/score_summary_panel.png,440,190,RGBA,True
assets/ui_assets/screens/results/time_up_title.png,500,120,RGBA,True
assets/ui_assets/screens/results/video_ad_icon.png,128,128,RGBA,True
assets/ui_assets/screens/results/vip_complete_badge.png,128,128,RGBA,True
assets/ui_assets/screens/rewarded_ad/button_no_thanks.png,360,104,RGBA,True
assets/ui_assets/screens/rewarded_ad/button_watch_ad.png,360,104,RGBA,True
assets/ui_assets/screens/rewarded_ad/reward_ad_double_icon.png,128,128,RGBA,True
assets/ui_assets/screens/rewarded_ad/reward_ad_time_icon.png,128,128,RGBA,True
assets/ui_assets/screens/rewarded_ad/rewarded_ad_panel.png,440,190,RGBA,True
assets/ui_assets/screens/rewarded_ad/video_ad_icon.png,128,128,RGBA,True
assets/ui_assets/screens/settings/accessibility_icon.png,128,128,RGBA,True
assets/ui_assets/screens/settings/button_close_settings.png,360,104,RGBA,True
assets/ui_assets/screens/settings/haptic_icon.png,128,128,RGBA,True
assets/ui_assets/screens/settings/language_icon.png,128,128,RGBA,True
assets/ui_assets/screens/settings/music_icon.png,128,128,RGBA,True
assets/ui_assets/screens/settings/privacy_icon.png,128,128,RGBA,True
assets/ui_assets/screens/settings/restore_purchase_icon.png,128,128,RGBA,True
assets/ui_assets/screens/settings/settings_panel.png,440,190,RGBA,True
assets/ui_assets/screens/settings/slider_handle.png,128,128,RGBA,True
assets/ui_assets/screens/settings/slider_track.png,420,54,RGBA,True
assets/ui_assets/screens/settings/sound_icon.png,128,128,RGBA,True
assets/ui_assets/screens/settings/toggle_off.png,128,128,RGBA,True
assets/ui_assets/screens/settings/toggle_on.png,128,128,RGBA,True
assets/ui_assets/screens/shop/best_value_badge.png,128,128,RGBA,True
assets/ui_assets/screens/shop/button_buy.png,360,104,RGBA,True
assets/ui_assets/screens/shop/coin_pack_icon_large.png,128,128,RGBA,True
assets/ui_assets/screens/shop/coin_pack_icon_medium.png,128,128,RGBA,True
assets/ui_assets/screens/shop/coin_pack_icon_small.png,128,128,RGBA,True
assets/ui_assets/screens/shop/gem_pack_icon_large.png,128,128,RGBA,True
assets/ui_assets/screens/shop/gem_pack_icon_medium.png,128,128,RGBA,True
assets/ui_assets/screens/shop/gem_pack_icon_small.png,128,128,RGBA,True
assets/ui_assets/screens/shop/sale_badge.png,128,128,RGBA,True
assets/ui_assets/screens/shop/shop_background.png,720,1280,RGBA,True
assets/ui_assets/screens/shop/shop_header.png,500,120,RGBA,True
assets/ui_assets/screens/shop/shop_item_card.png,440,190,RGBA,True
assets/ui_assets/screens/shop/shop_item_card_featured.png,440,190,RGBA,True
assets/ui_assets/screens/shop/shop_tab_boosters.png,220,160,RGBA,True
assets/ui_assets/screens/shop/shop_tab_currency.png,220,160,RGBA,True
assets/ui_assets/screens/shop/shop_tab_special.png,220,160,RGBA,True
assets/ui_assets/screens/shop/starter_pack_badge.png,128,128,RGBA,True
assets/ui_assets/screens/social/friend_icon.png,128,128,RGBA,True
assets/ui_assets/screens/social/leaderboard_panel.png,440,190,RGBA,True
assets/ui_assets/screens/social/player_avatar_frame.png,440,190,RGBA,True
assets/ui_assets/screens/social/rank_badge_1.png,128,128,RGBA,True
assets/ui_assets/screens/social/rank_badge_2.png,128,128,RGBA,True
assets/ui_assets/screens/social/rank_badge_3.png,128,128,RGBA,True
assets/ui_assets/screens/social/share_icon.png,128,128,RGBA,True
assets/ui_assets/screens/splash/loading_bar_fill.png,420,54,RGBA,True
assets/ui_assets/screens/splash/loading_bar_frame.png,440,190,RGBA,True
assets/ui_assets/screens/splash/loading_cocktail_icon.png,128,128,RGBA,True
assets/ui_assets/screens/splash/loading_spinner.png,128,128,RGBA,True
assets/ui_assets/screens/splash/loading_tip_panel.png,440,190,RGBA,True
assets/ui_assets/screens/splash/splash_background.png,720,1280,RGBA,True
assets/ui_assets/screens/tutorial/tutorial_arrow.png,128,128,RGBA,True
assets/ui_assets/screens/tutorial/tutorial_hand.png,220,160,RGBA,True
assets/ui_assets/screens/tutorial/tutorial_highlight_ring.png,220,160,RGBA,True
assets/ui_assets/screens/tutorial/tutorial_merge_icon.png,128,128,RGBA,True
assets/ui_assets/screens/tutorial/tutorial_order_icon.png,128,128,RGBA,True
assets/ui_assets/screens/tutorial/tutorial_panel.png,440,190,RGBA,True
assets/ui_assets/screens/tutorial/tutorial_skip_button.png,360,104,RGBA,True
assets/ui_assets/screens/tutorial/tutorial_timer_icon.png,128,128,RGBA,True
assets/ui_assets/screens/tutorial/tutorial_vip_badge.png,128,128,RGBA,True
assets/ui_assets/source/style_reference_board.png,1774,887,RGB,False
assets/ui_assets/source/style_reference_board_remediation_v01.png,1536,1024,RGB,False
assets/ui_assets/tables/table_edge_overlay_master.png,720,1280,RGBA,True
assets/ui_assets/tables/table_silhouette_mask.png,720,1280,RGBA,True
assets/ui_assets/ui/boosters/booster_count_badge.png,128,128,RGBA,True
assets/ui_assets/ui/boosters/booster_hammer.png,220,160,RGBA,True
assets/ui_assets/ui/boosters/booster_locked.png,220,160,RGBA,True
assets/ui_assets/ui/boosters/booster_selected.png,220,160,RGBA,True
assets/ui_assets/ui/boosters/booster_shuffle.png,220,160,RGBA,True
assets/ui_assets/ui/boosters/booster_slot.png,440,190,RGBA,True
assets/ui_assets/ui/boosters/booster_time.png,220,160,RGBA,True
assets/ui_assets/ui/boosters/booster_upgrade.png,220,160,RGBA,True
assets/ui_assets/ui/gameplay/level_label_panel.png,440,190,RGBA,True
assets/ui_assets/ui/gameplay/pause_button.png,360,104,RGBA,True
assets/ui_assets/ui/gameplay/timer_icon.png,128,128,RGBA,True
assets/ui_assets/ui/gameplay/timer_panel.png,440,190,RGBA,True
assets/ui_assets/ui/gameplay/timer_warning_glow.png,220,160,RGBA,True
assets/ui_assets/ui/gameplay/vip_badge.png,128,128,RGBA,True
assets/ui_assets/ui/gameplay/vip_reward_frame.png,440,190,RGBA,True
assets/ui_assets/ui/global/back_arrow.png,128,128,RGBA,True
assets/ui_assets/ui/global/button_danger.png,360,104,RGBA,True
assets/ui_assets/ui/global/button_disabled.png,360,104,RGBA,True
assets/ui_assets/ui/global/button_icon_round.png,128,128,RGBA,True
assets/ui_assets/ui/global/button_locked.png,360,104,RGBA,True
assets/ui_assets/ui/global/button_primary.png,360,104,RGBA,True
assets/ui_assets/ui/global/button_secondary.png,360,104,RGBA,True
assets/ui_assets/ui/global/button_small.png,360,104,RGBA,True
assets/ui_assets/ui/global/check_icon.png,128,128,RGBA,True
assets/ui_assets/ui/global/close_x.png,220,160,RGBA,True
assets/ui_assets/ui/global/complete_badge.png,128,128,RGBA,True
assets/ui_assets/ui/global/current_badge.png,128,128,RGBA,True
assets/ui_assets/ui/global/daily_ready_badge.png,128,128,RGBA,True
assets/ui_assets/ui/global/divider_gold.png,520,36,RGBA,True
assets/ui_assets/ui/global/finale_badge.png,128,128,RGBA,True
assets/ui_assets/ui/global/help_icon.png,128,128,RGBA,True
assets/ui_assets/ui/global/home_icon.png,128,128,RGBA,True
assets/ui_assets/ui/global/info_icon.png,128,128,RGBA,True
assets/ui_assets/ui/global/lock_icon.png,128,128,RGBA,True
assets/ui_assets/ui/global/map_icon.png,128,128,RGBA,True
assets/ui_assets/ui/global/milestone_badge.png,128,128,RGBA,True
assets/ui_assets/ui/global/new_badge.png,128,128,RGBA,True
assets/ui_assets/ui/global/new_content_badge.png,128,128,RGBA,True
assets/ui_assets/ui/global/next_arrow.png,128,128,RGBA,True
assets/ui_assets/ui/global/notification_dot.png,128,128,RGBA,True
assets/ui_assets/ui/global/panel_generic_large.png,440,190,RGBA,True
assets/ui_assets/ui/global/panel_generic_medium.png,440,190,RGBA,True
assets/ui_assets/ui/global/panel_generic_small.png,440,190,RGBA,True
assets/ui_assets/ui/global/pause_icon.png,128,128,RGBA,True
assets/ui_assets/ui/global/play_icon.png,128,128,RGBA,True
assets/ui_assets/ui/global/popup_frame.png,440,190,RGBA,True
assets/ui_assets/ui/global/previous_arrow.png,128,128,RGBA,True
assets/ui_assets/ui/global/restart_icon.png,128,128,RGBA,True
assets/ui_assets/ui/global/reward_ready_badge.png,128,128,RGBA,True
assets/ui_assets/ui/global/sale_badge_small.png,128,128,RGBA,True
assets/ui_assets/ui/global/settings_icon.png,128,128,RGBA,True
assets/ui_assets/ui/global/tab_active.png,220,160,RGBA,True
assets/ui_assets/ui/global/tab_inactive.png,220,160,RGBA,True
assets/ui_assets/ui/global/tooltip_frame.png,440,190,RGBA,True
assets/ui_assets/ui/rewards/big_chest_closed.png,128,128,RGBA,True
assets/ui_assets/ui/rewards/big_chest_open.png,128,128,RGBA,True
assets/ui_assets/ui/rewards/coin_icon.png,128,128,RGBA,True
assets/ui_assets/ui/rewards/gem_icon.png,128,128,RGBA,True
assets/ui_assets/ui/rewards/premium_chest_closed.png,128,128,RGBA,True
assets/ui_assets/ui/rewards/premium_chest_open.png,128,128,RGBA,True
assets/ui_assets/ui/rewards/reward_frame_large.png,440,190,RGBA,True
assets/ui_assets/ui/rewards/reward_frame_small.png,440,190,RGBA,True
assets/ui_assets/ui/rewards/reward_glow.png,220,160,RGBA,True
assets/ui_assets/ui/rewards/small_chest_closed.png,128,128,RGBA,True
assets/ui_assets/ui/rewards/small_chest_open.png,128,128,RGBA,True
assets/ui_assets/ui/rewards/star_empty.png,128,128,RGBA,True
assets/ui_assets/ui/rewards/star_filled.png,128,128,RGBA,True
assets/ui_assets/ui/rewards/star_large_empty.png,128,128,RGBA,True
assets/ui_assets/ui/rewards/star_large_filled.png,128,128,RGBA,True
assets/ui_assets/ui/star_track/star_track_checkpoint.png,128,128,RGBA,True
assets/ui_assets/ui/star_track/star_track_chest_large.png,128,128,RGBA,True
assets/ui_assets/ui/star_track/star_track_chest_small.png,128,128,RGBA,True
assets/ui_assets/ui/star_track/star_track_claimed.png,128,128,RGBA,True
assets/ui_assets/ui/star_track/star_track_fill.png,128,128,RGBA,True
assets/ui_assets/ui/star_track/star_track_marker.png,128,128,RGBA,True
assets/ui_assets/ui/star_track/star_track_panel.png,128,128,RGBA,True
