"Path","SHA256"
"coordination\sessions\BCM-M21-RELEASE-CLOSURE\evidence\mobile_qa\M21-001_MOBILE_LAYOUT_TOUCH_QA.json","731471296573B2D3CFAFAF7516DFA149D5CE1A639D0DB05BFD53A61D86DE2E34"
"coordination\sessions\BCM-M21-RELEASE-CLOSURE\evidence\progression\M21-003_FULL_PROGRESSION.json","56518013B4395FD002E0D485C68B6DC9CD41AC8ACBA6A8F5A739F497248FA30F"
"coordination\sessions\BCM-M22-MASTER-V01\evidence\M22-001\plugin_runtime_inventory.json","5034AA86CE34CE29075B60A7F07FC45B8AA80FAA8CEDF63A864BBE002189DEA3"
"coordination\sessions\BCM-M22-MASTER-V01\evidence\M22-002\semantic_bridge_probe.json","8D8071716DA72F0C2529249B93A2F7C270A3193E6E158390FE19365E493C550C"
"coordination\sessions\BCM-M22-MASTER-V01\evidence\M22-003\policy_validation.json","5A2F2653E0D76DB7BF1BBBE260CF362F2AE50C14ABF4BB474611310BC456CE01"
"coordination\sessions\BCM-M22-MASTER-V01\evidence\M22-003\state_hash_parity_report.json","B9E9CF230B72F3969621B3B4F4E4D24BF2CCA890BD95492064557ED4676CADEE"
"project.godot","2486401BDAD22FF4CEB348C382211E9B5BBCA53DBBF94BE043A83239DE026AFB"
"coordination\sessions\BCM-M21-HOME-EXACT-TARGET-R04\evidence\02_home_reference_941x1672 kritik.png","87ACDF4CF5F3FE043EF9EE5C2AAF625B5FD0734E10B23C7314326E2FE1645A35"
"coordination\sessions\BCM-M21-HOME-EXACT-TARGET-R04\evidence\owner-critique-v02\02_home_owner_critique_v02_941x1672 kritik.png","D8C9A18F7612FF968DD65E7B8E1ADAC1A2AE145BAB79A6432B60DC90AABE5ADB"
"coordination\sessions\BCM-M23-MASTER-V01\evidence\BCM-M23-CLOSEOUT-001\mobile_qa_initial_headless.txt","E2E53A81B0690E3641346E4F0DE57ED0105D219BE3680CD81F753BF9AF2DF534"
"docs\codex-logs\CODEX_LOG_M23_R01_V01.md","128E4FB22FFB962CEF4F2A3941EA7FF3157F743DBAC186D8E2D6C40C5F0A801B"
"coordination\sessions\BCM-M23-MASTER-V01\evidence\M23-R01\00_initial_live_frame.png","10A85EA67B48811720A5AAF44BEEE5F1F7A7D97D9D6930FF959EC3330F61B546"
"coordination\sessions\BCM-M23-MASTER-V01\evidence\M23-R01\00_initial_live_frame.png.import","2FD1EC0612A13D8979A7DB4A7767DDF38FD81E1F09AC852E5DBF1B8317F02A70"
"coordination\sessions\BCM-M23-MASTER-V01\evidence\M23-R01\01_after_level_click.png","3876CA176CFD32AC903C47FC88FD86D7512A2A8A28D9908BC89D0ED25D03F0CA"
"coordination\sessions\BCM-M23-MASTER-V01\evidence\M23-R01\01_after_level_click.png.import","FA457DF3AA773DAA14C3BEA709CA31BCB4E734B5F529EB8368725C2ED5A7E4FC"
"coordination\sessions\BCM-M23-MASTER-V01\evidence\M23-R01\02_after_home_play.png","964DCD2ED6EEA5D2E6A7EE9FA7954559545E8C2359A635F347634EC744F6392B"
"coordination\sessions\BCM-M23-MASTER-V01\evidence\M23-R01\02_after_home_play.png.import","AB5AFFB57E503AD3ED1E587FC8F825673331A9FC594178EA7A911A55D13592FF"
"coordination\sessions\BCM-M23-MASTER-V01\evidence\M23-R01\03_baseline_gameplay.png","9AF88F59B6E22473A4474BB1F451466C1ABB794E31C265F738692BDC375B57E5"
"coordination\sessions\BCM-M23-MASTER-V01\evidence\M23-R01\03_baseline_gameplay.png.import","D8086235B3E787FA02EA34250645B088DCBE1AE7AE38368C397D20471BC18BE2"
"coordination\sessions\BCM-M23-MASTER-V01\evidence\M23-R01\04_baseline_gameplay_real.png","52C4918ED6D9A6AAB822FC266A388D09238A4AF97F209EA2CA2222EF0ACFF3EC"
"coordination\sessions\BCM-M23-MASTER-V01\evidence\M23-R01\04_baseline_gameplay_real.png.import","00882955DF1F000DE02654314F213F8A62D1FE5A0FBBEADD4AD1C947FB48D0E3"
"coordination\sessions\BCM-M23-MASTER-V01\evidence\M23-R01\05_baseline_launch_frame_00.png","46E85EF216679F27A024E21A971AFC0FF9A514ED1A40E136274315C46A9402B4"
"coordination\sessions\BCM-M23-MASTER-V01\evidence\M23-R01\05_baseline_launch_frame_00.png.import","6977C2C2E28BAB729362615F2D42B754A505E00287C882B708EB59AEC95189FB"
"coordination\sessions\BCM-M23-MASTER-V01\evidence\M23-R01\05_baseline_launch_frame_01.png","1A2A5CF8140FD2110CE50C092D086B2B2765EC97A85BB337A7F8C3A1D46DD32B"
"coordination\sessions\BCM-M23-MASTER-V01\evidence\M23-R01\05_baseline_launch_frame_01.png.import","EF956F895C5F0E2EC2E0601000E06FE3A244F8E2EED909848A580FF505A9649F"
"coordination\sessions\BCM-M23-MASTER-V01\evidence\M23-R01\05_baseline_launch_frame_02.png","BF8546B531C8D491AB7B51C772411DB7F2CA745D0747FAAAD80C425168CC8E00"
"coordination\sessions\BCM-M23-MASTER-V01\evidence\M23-R01\05_baseline_launch_frame_02.png.import","FD686CF0F09611BA05278F7F4FEE1B7D2DFC6520EDD51F28CA69616373975B85"
"coordination\sessions\BCM-M23-MASTER-V01\evidence\M23-R01\05_baseline_launch_frame_03.png","9AE79BF8771B98C8CFDFD02CDC3D8CEC571CB03C5A2138584CBFE81EA6E3A528"
"coordination\sessions\BCM-M23-MASTER-V01\evidence\M23-R01\05_baseline_launch_frame_03.png.import","1DF7880A91BF4A3032C16511EA980B436A6D0324160A13DAB136D47C4ECD1369"
"coordination\sessions\BCM-M23-MASTER-V01\evidence\M23-R01\05_baseline_launch_frame_04.png","35001D297290EBC2F6F13D4CDDB9A7E5B2B89EA53A1586D00CA65A3E2189602B"
"coordination\sessions\BCM-M23-MASTER-V01\evidence\M23-R01\05_baseline_launch_frame_04.png.import","AA0C6325B10426925B6E538E1CCD7435138DF24A1B3D8900BD4790C6A705FB50"
